order_item_id,order_id,product_id,quantity,unit_price
1,47,2,4,254.12
2,47,4,4,178.72
3,47,9,1,121.75
4,119,12,3,70.36
5,119,13,2,27.53
6,119,11,1,161.53
7,138,15,3,108.57
8,138,14,2,74.7
9,194,5,2,56.18
10,194,3,1,57.26
11,164,8,5,229.16
12,164,8,5,194.68
13,164,10,3,259.95
14,164,11,3,49.53
15,101,8,4,191.26
16,154,10,1,108.82
17,154,2,3,141.21
18,154,1,1,113.78
19,31,2,1,186.43
20,31,9,4,141.5
21,31,9,1,137.67
22,232,6,5,145.31
23,232,3,1,137.9
24,62,12,1,153.84
25,62,3,1,78.08
26,62,8,4,159.6
27,37,6,3,275.79
28,37,7,4,233.47
29,216,13,3,24.44
30,10,9,4,88.82
31,6,6,1,176.91
32,6,9999,3,96.52
33,195,3,5,214.11
34,195,2,3,169.88
35,195,11,3,244.89
36,195,11,5,32.57
37,121,9,3,10.38
38,121,5,2,285.59
39,121,6,4,61.64
40,121,3,2,27.76
41,250,9,5,251.36
42,65,11,3,263.54
43,41,10,4,50.5
44,41,3,5,243.67
45,2,12,4,17.89
46,2,6,2,291.03
47,225,13,4,74.03
48,225,4,3,289.85
49,225,13,4,271.67
50,215,6,5,295.41
51,215,8,3,234.55
52,137,3,2,241.37
53,137,3,3,20.39
54,137,8,3,168.59
55,137,2,5,256.09
56,157,2,2,85.47
57,157,15,5,48.47
58,157,7,1,284.19
59,207,14,4,265.97
60,207,15,1,127.39
61,46,9,3,74.55
62,46,2,3,71.24
63,46,6,1,252.56
64,46,11,3,238.46
65,36,1,3,275.63
66,36,8,2,228.86
67,60,8,5,6.55
68,60,2,1,80.5
69,60,14,2,166.9
70,60,12,5,160.69
71,159,13,3,75.1
72,13,1,2,128.85
73,244,2,1,251.82
74,244,8,5,163.14
75,244,11,5,174.64
76,244,12,0,90.93
77,120,10,3,75.97
78,189,3,1,159.43
79,189,6,1,286.25
80,189,9,5,236.99
81,189,9,5,11.0
82,53,1,4,294.41
83,53,5,1,110.34
84,53,2,3,76.13
85,53,11,1,232.59
86,69,3,1,108.93
87,69,6,2,249.96
88,69,11,4,294.34
89,133,11,2,244.39
90,133,2,4,15.91
91,133,4,1,238.38
92,133,15,1,98.1
93,127,9,4,296.79
94,127,9,4,79.73
95,127,13,2,89.4
96,67,14,3,85.6
97,199,7,4,224.28
98,199,15,4,105.02
99,199,3,4,209.16
100,94,15,5,83.68
101,94,2,4,28.28
102,94,10,2,165.91
103,51,2,1,101.74
104,51,5,3,136.55
105,51,12,4,54.16
106,50,6,4,17.49
107,50,14,3,186.38
108,50,7,-2,193.64
109,50,13,1,27.14
110,177,6,5,241.32
111,177,11,2,286.07
112,177,3,5,205.04
113,177,8,1,42.24
114,100,13,3,111.83
115,100,10,1,183.5
116,139,6,3,135.96
117,139,2,5,45.62
118,139,6,4,97.74
119,139,5,2,288.35
120,39,12,2,152.22
121,182,15,5,39.74
122,182,13,3,212.69
123,182,4,5,89.25
124,182,15,4,64.05
125,15,14,1,138.35
126,15,15,4,299.19
127,3,11,3,214.31
128,3,9,5,90.66
129,3,5,2,214.98
130,75,13,3,155.08
131,75,2,2,238.66
132,43,13,4,12.75
133,43,9,5,113.83
134,228,10,1,24.4
135,228,7,4,160.08
136,146,14,5,26.76
137,146,6,1,137.74
138,146,11,5,106.63
139,146,15,5,193.74
140,231,13,2,132.62
141,231,15,1,250.26
142,209,5,2,52.78
143,209,15,2,107.08
144,235,14,1,78.93
145,235,11,5,85.96
146,235,11,3,186.26
147,230,9,2,179.58
148,247,3,5,217.59
149,247,10,3,253.55
150,64,14,1,28.96
151,23,11,2,231.25
152,23,7,5,193.5
153,23,8,5,90.45
154,214,8,2,242.38
155,214,11,4,92.74
156,214,2,1,51.63
157,198,8,4,65.19
158,198,10,2,97.21
159,198,12,3,221.59
160,198,14,3,292.74
161,255,13,3,156.92
162,255,2,3,76.31
163,88,5,4,78.14
164,197,1,3,283.89
165,86,4,-1,244.98
166,86,15,5,217.73
167,86,4,2,151.99
168,86,9,4,152.13
169,70,8,1,31.56
170,70,7,5,139.88
171,70,4,2,177.09
172,63,1,3,150.99
173,218,5,5,7.41
174,218,2,4,44.51
175,218,5,-2,230.34
176,218,6,1,123.17
177,224,6,5,90.14
178,224,7,5,137.85
179,145,14,5,205.72
180,145,2,2,292.65
181,145,7,3,239.49
182,113,9,3,227.71
183,113,4,5,155.19
184,113,9,1,18.36
185,221,12,3,242.17
186,221,9,4,48.94
187,174,6,5,98.97
188,174,7,5,223.1
189,20,10,3,154.66
190,20,9,5,149.5
191,20,10,3,145.09
192,253,6,3,203.77
193,11,10,3,240.04
194,11,12,1,181.09
195,11,5,5,175.4
196,11,12,1,177.14
197,77,9,5,233.51
198,77,7,2,247.39
199,97,1,5,284.72
200,97,2,2,10.59
201,42,7,2,126.82
202,42,4,4,153.04
203,42,10,4,262.48
204,219,12,2,158.01
205,48,11,4,160.02
206,48,6,2,140.6
207,48,9,3,166.15
208,249,10,4,61.72
209,249,4,3,169.64
210,249,4,3,232.5
211,102,12,4,98.53
212,102,6,5,280.44
213,173,5,1,174.18
214,173,9,4,269.25
215,173,7,3,286.61
216,54,5,1,89.85
217,54,12,1,107.18
218,49,11,3,225.46
219,49,4,2,249.25
220,49,5,5,210.37
221,49,3,1,186.62
222,229,4,1,202.6
223,229,9,2,193.19
224,242,2,4,102.44
225,254,2,2,6.53
226,254,9,2,125.04
227,254,15,4,145.85
228,254,4,3,99.74
229,238,15,1,197.43
230,82,9,1,274.4
231,82,3,4,265.26
232,125,15,1,299.17
233,125,7,4,59.96
234,9,15,1,7.73
235,9,10,5,36.65
236,9,6,3,139.03
237,52,15,2,256.06
238,52,8,3,61.88
239,52,2,3,52.94
240,52,8,3,216.99
241,112,12,3,238.28
242,73,3,5,257.56
243,73,15,4,248.96
244,204,2,4,202.43
245,204,3,2,145.85
246,204,15,2,7.01
247,184,4,4,227.36
248,184,6,3,176.83
249,184,10,1,82.16
250,184,6,2,23.33
251,1,8,3,52.12
252,243,12,1,193.42
253,243,5,3,186.31
254,243,4,2,146.06
255,44,12,5,115.22
256,44,12,5,274.28
257,44,13,5,241.59
258,44,14,2,229.75
259,237,9,4,160.81
260,239,2,5,38.1
261,239,14,5,271.35
262,239,4,5,163.31
263,131,6,5,135.34
264,131,11,2,216.49
265,212,2,5,136.42
266,212,1,4,43.92
267,212,7,4,171.35
268,212,9,0,203.47
269,220,12,1,121.8
270,220,14,1,225.01
271,220,10,1,18.36
272,205,12,1,164.64
273,205,1,1,295.91
274,205,8,1,89.69
275,35,13,2,230.92
276,35,12,4,115.47
277,89,8,4,115.82
278,89,11,5,44.23
279,89,14,3,40.0
280,89,9,4,161.01
281,179,14,1,228.07
282,179,5,4,203.68
283,147,9,4,247.89
284,147,4,4,107.12
285,147,5,2,281.54
286,147,12,1,14.5
287,217,10,1,76.0
288,217,2,1,180.21
289,217,8,5,203.25
290,217,14,1,77.2
291,251,7,4,74.13
292,196,13,1,46.34
293,196,5,2,245.66
294,248,10,5,232.9
295,248,14,3,74.89
296,248,15,2,295.78
297,171,7,3,86.17
298,171,9,5,264.52
299,79,11,4,168.98
300,79,1,3,282.77
301,140,13,5,99.03
302,140,7,4,49.02
303,140,7,2,227.55
304,140,8,2,255.56
305,105,14,2,242.7
306,105,15,1,170.9
307,105,7,5,161.35
308,99,4,3,64.98
309,99,11,1,277.06
310,99,14,3,32.28
311,99,12,2,20.2
312,128,11,5,182.86
313,128,14,1,60.51
314,128,13,5,218.67
315,128,9,2,146.42
316,246,5,1,67.48
317,246,4,1,225.33
318,246,13,4,274.76
319,188,7,2,167.86
320,188,13,3,117.3
321,104,5,3,111.1
322,104,15,4,142.47
323,104,13,4,229.68
324,29,15,2,114.36
325,29,7,1,170.94
326,29,4,2,9.78
327,193,5,-2,62.88
328,193,4,4,173.09
329,193,4,4,167.44
330,193,11,3,80.91
331,72,12,4,140.94
332,72,12,3,54.93
333,72,12,5,149.05
334,72,15,5,297.15
335,181,9,1,252.53
336,95,14,1,230.48
337,38,3,2,25.05
338,38,3,1,69.52
339,38,8,3,22.83
340,38,11,5,274.26
341,208,1,1,162.0
342,208,7,1,9.93
343,208,12,3,163.04
344,208,5,1,153.15
345,58,13,2,36.57
346,58,2,5,48.92
347,58,4,5,160.3
348,58,14,3,83.86
349,124,2,3,287.99
350,124,8,5,76.75
351,124,12,-1,93.49
352,124,14,1,197.85
353,161,2,4,116.88
354,55,1,1,212.34
355,55,2,4,254.37
356,55,11,3,171.93
357,55,14,1,268.96
358,185,4,2,270.88
359,27,5,1,277.63
360,27,11,3,270.3
361,27,10,1,57.91
362,27,14,3,9.62
363,148,10,2,226.92
364,148,12,4,279.02
365,80,3,5,75.94
366,80,14,4,204.73
367,80,9,3,118.23
368,74,13,1,152.73
369,74,6,1,33.82
370,241,14,1,105.47
371,241,13,5,286.68
372,109,13,3,13.74
373,109,5,4,149.73
374,109,6,5,282.64
375,109,7,2,205.51
376,91,2,5,92.14
377,91,4,1,29.2
378,91,3,4,214.94
379,91,11,2,223.2
380,172,6,1,32.0
381,172,5,4,111.18
382,172,5,1,44.09
383,32,7,4,169.31
384,32,9,4,35.47
385,85,6,-2,32.45
386,149,14,4,8.64
387,149,7,4,234.85
388,149,12,5,272.04
389,144,10,5,55.03
390,144,7,2,45.96
391,213,5,4,48.05
392,213,3,4,86.41
393,213,5,4,235.89
394,143,5,2,217.67
395,143,8,5,186.92
396,143,8,1,44.97
397,252,7,3,253.28
398,162,13,3,134.87
399,162,7,5,45.16
400,162,6,5,284.45
401,162,4,4,97.68
402,178,6,3,221.79
403,178,11,4,290.49
404,178,13,2,101.14
405,178,5,4,112.68
406,175,10,5,58.08
407,175,13,5,12.94
408,223,12,2,134.34
409,223,5,1,246.59
410,223,13,4,203.53
411,223,3,3,76.4
412,22,12,4,237.78
413,22,2,4,297.26
414,24,10,4,162.64
415,24,15,4,165.38
416,24,13,3,211.98
417,24,13,5,180.18
418,18,2,2,198.99
419,233,3,5,18.07
420,233,11,4,290.21
421,233,6,4,36.25
422,40,5,2,155.65
423,96,8,3,120.38
424,96,13,5,208.68
425,66,6,1,147.42
426,66,5,4,276.56
427,166,2,2,107.76
428,210,8,2,158.73
429,210,6,4,33.8
430,210,12,4,99.08
431,81,1,1,11.66
432,81,6,1,204.76
433,81,3,2,157.22
434,25,6,5,130.78
435,25,8,2,240.34
436,107,3,4,121.7
437,107,12,5,265.51
438,211,10,4,119.71
439,211,12,2,65.71
440,211,13,1,175.32
441,211,13,5,60.15
442,186,4,4,38.62
443,186,11,4,160.68
444,186,11,3,181.11
445,87,10,1,107.64
446,87,14,4,187.12
447,87,14,3,276.01
448,87,10,1,203.27
449,106,2,2,95.09
450,106,9999,3,209.56
451,106,9,4,128.38
452,59,10,4,129.8
453,59,8,5,209.56
454,226,9,2,149.44
455,226,3,2,97.8
456,192,10,1,260.33
457,192,1,4,45.28
458,192,14,4,289.33
459,192,9,4,125.69
460,56,7,4,149.17
461,56,2,5,14.1
462,56,13,2,91.17
463,56,5,2,163.59
464,142,13,4,171.87
465,142,13,4,167.17
466,167,10,1,84.03
467,168,9,1,229.2
468,168,8,5,69.47
469,168,7,1,222.12
470,236,5,1,137.67
471,236,6,1,134.53
472,180,13,2,66.91
473,26,14,5,191.67
474,26,3,5,46.07
475,26,4,2,242.6
476,111,9,3,181.07
477,111,3,3,293.81
478,111,5,3,173.96
479,155,3,4,276.04
480,130,14,2,211.92
481,130,3,2,48.14
482,130,6,2,229.63
483,117,8,2,175.34
484,117,5,4,115.68
485,117,2,1,123.84
486,117,12,3,209.94
487,76,8,4,101.55
488,76,1,1,220.62
489,76,8,3,255.78
490,136,4,4,248.33
491,136,8,3,100.25
492,136,5,3,166.46
493,136,3,5,256.46
494,153,15,1,18.55
495,153,11,4,9.8
496,153,15,2,135.18
497,98,7,2,298.73
498,84,15,3,51.9
499,84,15,3,32.54
500,206,5,1,114.69
501,206,15,2,20.28
502,206,11,3,219.17
503,141,7,1,212.59
504,141,1,2,145.66
505,150,10,2,158.24
506,150,8,1,7.38
507,163,14,1,296.51
508,163,7,2,145.92
509,163,4,4,31.35
510,160,2,3,113.43
511,71,3,4,233.17
512,71,13,2,194.26
513,71,11,2,25.18
514,240,10,2,134.83
515,234,11,2,276.37
516,234,10,4,258.69
517,38,15,1,46.3
518,156,10,4,108.7
519,245,6,2,78.1
520,245,11,1,78.21
521,245,10,5,217.75
522,245,5,1,255.13
523,21,4,5,184.04
524,21,4,4,92.18
525,21,1,2,150.99
526,19,4,4,193.23
527,114,9,1,296.13
528,183,3,4,258.94
529,183,10,4,112.8
530,183,11,2,230.0
531,126,1,5,24.92
532,227,4,1,277.16
533,227,13,4,154.45
534,227,11,5,231.3
535,176,12,4,29.32
536,176,9,5,186.73
537,176,5,1,96.42
538,176,9,2,292.42
539,110,9,3,120.27
540,110,11,1,96.5
541,103,12,2,22.08
542,103,2,4,39.22
543,103,10,5,21.23
544,103,11,2,40.24
545,123,12,1,53.33
546,123,6,5,157.58
547,16,3,3,42.44
548,16,13,3,221.22
549,16,2,1,103.83
550,8,5,5,23.84
551,8,12,5,190.12
552,8,8,4,155.68
553,8,1,4,258.51
554,165,6,2,80.26
555,165,2,5,203.87
556,118,4,5,5.76
557,78,4,1,144.17
558,134,15,2,57.79
559,134,14,1,168.1
560,134,15,4,71.23
561,134,4,4,275.18
562,169,5,1,173.6
563,169,2,5,203.63
564,169,1,2,70.84
565,201,7,1,263.71
566,187,13,3,101.55
567,187,9,4,7.35
568,187,4,3,171.32
569,12,12,5,76.56
570,12,6,5,291.7
571,12,13,2,221.08
572,158,3,1,280.06
573,158,1,2,164.76
574,220,6,1,228.88
575,34,14,3,35.66
576,34,9,2,128.85
577,34,1,2,214.94
578,34,2,1,276.78
579,116,12,3,140.25
580,116,12,1,176.33
581,116,9,2,192.98
582,116,7,1,179.61
583,28,7,2,74.85
584,152,14,3,278.18
585,152,7,3,98.83
586,152,5,2,27.03
587,132,3,5,37.15
588,132,2,2,137.62
589,93,7,1,163.1
590,93,13,2,138.32
591,93,8,3,256.48
592,200,3,3,248.78
593,115,4,3,48.76
594,122,6,4,156.47
595,122,11,3,81.75
596,17,1,4,257.11
597,17,9,5,78.71
598,191,2,2,40.83
599,191,1,2,43.56
600,191,14,4,114.81
601,191,11,1,176.79
602,30,15,1,11.43
603,30,2,2,271.24
604,30,8,2,32.13
605,135,2,1,282.97
606,135,1,2,277.62
607,135,7,4,151.36
608,108,11,4,55.98
609,108,4,2,86.12
610,108,8,2,15.22
611,108,10,5,77.51
612,190,8,4,265.42
613,190,8,1,30.88
614,190,7,2,128.67
615,33,11,5,239.48
616,33,7,3,146.51
617,14,6,5,153.21
618,14,7,3,58.05
619,14,6,5,69.61
620,14,15,3,22.28
621,68,9,3,231.22
622,68,4,2,34.54
623,68,11,2,83.63
624,68,14,1,230.39
625,45,10,4,109.67
626,45,14,2,56.95
627,5,13,3,274.62
628,5,1,3,284.53
629,5,10,2,171.12
630,83,14,4,164.93
631,83,3,4,16.2
632,151,4,5,69.55
633,61,1,3,275.78
634,61,4,2,105.52
635,61,3,3,22.57
636,61,3,5,212.89
637,202,13,1,254.71
638,202,14,3,288.36
639,203,12,4,177.87
640,203,6,3,100.17
641,203,3,4,238.59
642,92,11,3,56.39
643,92,9,5,237.16
644,92,4,5,245.26
645,92,7,3,221.53
646,4,3,2,220.01
647,4,12,5,120.52
648,4,13,5,14.55
649,34,15,5,70.16
650,34,10,1,281.32
651,34,3,3,224.88
652,7,6,3,54.53
653,7,15,1,247.39
654,222,8,1,83.24
655,222,4,1,108.39
656,222,13,1,217.52
657,170,7,4,221.11
658,57,15,4,150.46
659,57,7,3,166.08
660,90,14,4,237.68
661,129,3,4,26.74
662,129,14,1,92.0
