order_id,customer_id,order_date,status,channel
47,17,2024-04-14,cancelled,phone
119,7,2024-06-08,placed,phone
138,16,2024-12-20,delivered,phone
194,27,2024-05-21,delivered,phone
164,30,2024-12-25,placed,mobile_app
101,25,2024-10-21,cancelled,web
154,20,2024-10-15,placed,mobile_app
31,4,2024-01-30,cancelled,mobile_app
232,31,2024-05-11,delivered,phone
62,20,2024-06-28,shipped,mobile_app
37,26,2024-05-15,shipped,phone
216,17,2024-08-24,cancelled,phone
10,2,2024-06-22,shipped,mobile_app
6,39,2024-09-27,cancelled,mobile_app
195,19,2024-01-02,delivered,in_store
121,38,2024-02-08,shipped,web
250,6,2024-08-20,shipped,web
65,33,2024-11-24,cancelled,phone
41,5,2024-06-27,shipped,phone
2,24,2024-02-27,delivered,mobile_app
225,15,2024-05-26,delivered,mobile_app
215,38,2024-09-11,shipped,mobile_app
137,19,2024-02-17,shipped,in_store
157,38,2024-06-01,cancelled,phone
207,32,2024-11-16,placed,web
46,39,2024-05-24,shipped,phone
36,14,2024-05-13,delivered,mobile_app
60,7,2024-03-22,cancelled,web
159,14,2024-04-16,delivered,web
13,16,2024-09-20,delivered,in_store
244,10,2024-10-27,cancelled,web
120,25,2024-10-21,cancelled,mobile_app
189,15,2024-02-17,placed,in_store
53,36,2024-10-25,shipped,in_store
69,39,2024-08-11,placed,in_store
133,18,2024-06-23,delivered,web
127,34,2024-03-31,delivered,in_store
67,17,2024-10-24,placed,web
199,27,2024-04-29,placed,phone
94,29,2024-05-20,placed,phone
51,28,2024-10-09,placed,web
50,17,2024-11-22,shipped,in_store
177,23,2024-08-28,cancelled,phone
100,27,2024-04-15,cancelled,web
139,36,2024-08-30,delivered,in_store
39,40,2024-08-22,placed,web
182,33,2024-07-25,placed,in_store
15,31,2024-05-04,cancelled,mobile_app
3,16,2024-01-30,placed,web
75,19,2024-07-25,shipped,mobile_app
43,34,2024-11-09,placed,phone
228,3,2024-08-13,delivered,mobile_app
146,20,2024-04-01,placed,mobile_app
231,33,2024-09-28,delivered,mobile_app
209,7,2024-08-10,placed,in_store
235,1,2024-07-21,delivered,web
230,13,2024-03-30,shipped,phone
247,16,2024-08-15,delivered,web
64,5,2024-05-22,delivered,phone
23,35,2024-01-26,placed,web
214,6,2024-03-30,cancelled,mobile_app
198,13,2024-06-13,shipped,in_store
255,9004,2024-11-01,placed,phone
88,12,2024-04-22,cancelled,web
197,36,2024-06-19,cancelled,in_store
86,26,2024-09-10,shipped,mobile_app
70,13,2024-10-22,delivered,web
63,13,2024-01-13,cancelled,phone
218,35,2024-12-12,shipped,web
224,1,2024-05-20,placed,in_store
145,19,2024-04-09,shipped,phone
113,4,2024-10-03,delivered,mobile_app
221,25,2024-04-11,cancelled,web
174,3,2024-10-22,shipped,in_store
20,35,2024-04-07,cancelled,mobile_app
253,9002,2024-10-10,shipped,mobile_app
11,5,2024-01-04,placed,mobile_app
77,36,2024-07-26,placed,phone
97,25,2024-04-28,shipped,mobile_app
42,11,2024-05-25,cancelled,phone
219,23,2024-08-14,delivered,in_store
48,6,2024-01-27,cancelled,phone
249,18,2024-07-22,shipped,web
102,20,2024-06-29,cancelled,in_store
173,15,2024-02-16,placed,phone
54,3,2024-03-06,delivered,phone
49,1,2024-01-23,delivered,mobile_app
229,19,2024-02-16,delivered,in_store
242,7,2024-02-29,shipped,mobile_app
254,9003,2024-04-29,delivered,mobile_app
238,2,2024-08-29,delivered,mobile_app
82,20,2024-04-30,shipped,mobile_app
125,32,2024-08-03,placed,in_store
9,16,2024-03-02,shipped,web
52,10,2024-02-08,placed,phone
112,6,2024-05-09,cancelled,web
73,21,2024-11-15,placed,phone
204,31,2024-02-08,delivered,phone
184,32,2024-11-14,cancelled,web
1,21,2024-11-02,cancelled,web
243,30,2024-07-17,delivered,in_store
44,7,2024-12-05,shipped,phone
237,24,2024-11-22,placed,mobile_app
239,5,2024-11-27,cancelled,phone
131,32,2024-01-15,delivered,mobile_app
212,28,2024-07-10,shipped,mobile_app
220,17,2024-12-19,cancelled,phone
205,26,2024-11-15,placed,phone
35,6,2024-11-13,cancelled,phone
89,16,2024-10-12,placed,in_store
179,32,2024-07-29,delivered,in_store
147,3,2024-05-20,placed,phone
217,1,2024-12-07,cancelled,phone
251,9000,2024-01-26,delivered,mobile_app
196,29,2024-03-17,cancelled,phone
248,24,2024-12-17,delivered,web
171,39,2024-02-11,placed,in_store
79,29,2024-08-26,cancelled,mobile_app
140,22,2024-10-08,delivered,in_store
105,25,2024-01-15,delivered,in_store
99,30,2024-10-04,cancelled,web
128,28,2024-08-26,delivered,phone
246,24,2024-01-17,shipped,in_store
188,36,2024-06-08,placed,in_store
104,18,2024-04-22,cancelled,in_store
29,19,2024-04-07,shipped,web
193,13,2024-07-15,shipped,web
72,28,2024-07-05,placed,phone
181,17,2024-06-10,delivered,web
95,18,2024-04-30,delivered,phone
38,21,2024-08-22,placed,web
208,19,2024-04-30,shipped,web
58,27,2024-03-31,placed,mobile_app
124,33,2024-02-05,delivered,web
161,1,2024-03-21,cancelled,in_store
55,23,2024-01-21,shipped,mobile_app
185,18,2024-04-14,shipped,phone
27,30,2024-05-15,delivered,in_store
148,9,2024-12-23,cancelled,web
80,31,2024-09-18,shipped,web
74,20,2024-09-16,cancelled,phone
241,3,2024-01-24,delivered,in_store
109,4,2024-04-03,delivered,in_store
91,33,2024-11-09,cancelled,in_store
172,39,2024-06-14,delivered,web
32,33,2024-01-30,placed,mobile_app
85,37,2024-07-31,shipped,in_store
149,37,2024-01-07,delivered,in_store
144,18,2024-09-04,delivered,web
213,27,2024-09-28,shipped,mobile_app
143,12,2024-10-01,shipped,mobile_app
252,9001,2024-03-05,shipped,web
162,39,2024-12-18,cancelled,phone
178,7,2024-06-13,shipped,phone
175,29,2024-09-22,delivered,mobile_app
223,19,2024-12-24,placed,in_store
22,5,2024-05-07,cancelled,web
24,11,2024-05-01,cancelled,in_store
18,7,2024-12-10,placed,in_store
233,30,2024-02-28,placed,mobile_app
40,14,2024-10-02,delivered,mobile_app
96,6,2024-10-03,shipped,mobile_app
66,8,2024-01-15,delivered,mobile_app
166,35,2024-02-28,shipped,mobile_app
210,20,2024-03-26,placed,web
81,33,2024-05-25,delivered,web
25,14,2024-09-03,cancelled,web
107,38,2024-07-20,placed,web
211,4,2024-06-15,delivered,phone
186,32,2024-08-12,placed,web
87,1,2024-12-01,placed,in_store
106,30,2024-03-25,shipped,web
59,27,2024-06-19,shipped,phone
226,13,2024-11-21,delivered,mobile_app
192,16,2024-08-29,cancelled,mobile_app
56,7,2024-12-07,delivered,in_store
142,13,2024-03-02,delivered,web
167,10,2024-05-16,placed,web
168,20,2024-03-25,delivered,in_store
236,24,2024-08-20,delivered,in_store
180,3,2024-10-08,cancelled,web
26,25,2024-03-25,placed,in_store
111,25,2024-06-21,delivered,in_store
155,36,2024-03-01,cancelled,mobile_app
130,30,2024-05-04,cancelled,phone
117,14,2024-10-15,cancelled,phone
76,25,2024-08-03,shipped,phone
136,32,2024-11-26,cancelled,web
153,4,2024-10-22,shipped,mobile_app
98,27,2024-02-02,cancelled,phone
84,40,2024-08-31,placed,in_store
206,35,2024-12-11,cancelled,phone
141,20,2024-05-18,delivered,mobile_app
150,29,2024-09-02,delivered,mobile_app
163,15,2024-01-17,delivered,phone
160,16,2024-03-21,shipped,web
71,28,2024-12-28,placed,mobile_app
240,27,2024-11-28,placed,mobile_app
234,26,2024-04-25,delivered,web
38,21,2024-08-22,placed,web
156,25,2024-09-24,cancelled,in_store
245,40,2024-09-07,cancelled,phone
21,12,2024-08-04,delivered,in_store
19,7,2024-06-22,shipped,mobile_app
114,5,2024-11-28,placed,web
183,4,2024-07-30,shipped,phone
126,30,2024-07-04,shipped,in_store
227,7,2024-11-17,placed,phone
176,28,2024-10-26,cancelled,web
110,14,2024-06-16,cancelled,phone
103,35,2024-10-02,shipped,in_store
123,35,2024-06-26,cancelled,phone
16,7,2024-02-18,cancelled,phone
8,24,2024-12-09,cancelled,in_store
165,38,2024-05-15,shipped,in_store
118,11,2024-07-07,placed,mobile_app
78,14,2024-05-26,cancelled,phone
134,13,2024-09-21,placed,mobile_app
169,30,2024-03-04,delivered,in_store
201,3,2024-09-10,shipped,phone
187,39,2024-11-18,shipped,mobile_app
12,3,2024-02-04,delivered,web
158,40,2024-10-18,placed,web
220,17,2024-12-19,cancelled,phone
34,8,2024-07-25,shipped,web
116,9,2024-05-02,cancelled,web
28,36,2024-12-22,cancelled,mobile_app
152,26,2024-02-03,cancelled,web
132,14,2024-09-06,delivered,phone
93,18,2024-05-06,cancelled,mobile_app
200,25,2024-08-30,cancelled,mobile_app
115,13,2024-05-06,placed,mobile_app
122,20,2024-12-22,placed,web
17,27,2024-08-04,cancelled,web
191,18,2024-09-17,cancelled,in_store
30,35,2024-10-23,placed,phone
135,32,2024-07-27,shipped,in_store
108,28,2024-11-25,shipped,in_store
190,10,2024-03-01,cancelled,phone
33,39,2024-02-05,placed,mobile_app
14,35,2024-04-19,shipped,in_store
68,28,2024-11-01,delivered,phone
45,7,2024-02-29,shipped,phone
5,31,2024-12-03,shipped,phone
83,2,2024-03-16,placed,mobile_app
151,17,2024-01-27,cancelled,web
61,15,2024-08-28,shipped,in_store
202,29,2024-02-21,placed,in_store
203,10,2024-01-08,cancelled,mobile_app
92,31,2024-03-22,cancelled,phone
4,5,2024-09-05,shipped,mobile_app
34,8,2024-07-25,shipped,web
7,13,2024-10-03,delivered,in_store
222,25,2024-05-01,delivered,phone
170,33,2024-05-19,cancelled,in_store
57,10,2024-11-13,shipped,mobile_app
90,30,2024-03-09,delivered,in_store
129,6,2024-05-05,delivered,in_store
