customer_id,first_name,last_name,email,state,segment,signup_date
1,First1,Last1,customer1@example.com,NY,retail,2023-10-17
2,First2,Last2,customer2@example.com,IL,retail,2024-01-30
3,First3,Last3,customer3@example.com,TX,vip,2022-08-17
4,First4,Last4,customer4@example.com,NY,vip,2022-04-15
5,First5,Last5,customer5@example.com,CA,retail,2023-03-09
6,First6,Last6,customer6@example.com,WA,retail,2022-04-06
7,First7,Last7,customer7@example.com,CA,vip,2023-06-02
8,First8,Last8,customer8@example.com,CO,retail,2022-07-23
9,First9,Last9,customer9@example.com,IL,retail,2023-04-05
10,First10,Last10,customer10@example.com,TX,vip,2024-02-17
11,First11,Last11,customer11@example.com,MA,wholesale,2023-03-09
12,First12,Last12,customer12@example.com,WA,wholesale,2022-06-09
13,First13,Last13,customer13@example.com,NY,wholesale,2022-04-15
14,First14,Last14,customer14@example.com,MA,wholesale,2022-04-10
15,First15,Last15,customer15@example.com,IL,retail,2023-09-11
16,First16,Last16,customer16@example.com,GA,vip,2024-01-18
17,First17,Last17,customer17@example.com,CO,retail,2022-05-08
18,First18,Last18,customer18@example.com,IL,vip,2023-07-20
19,First19,Last19,customer19@example.com,MA,vip,2023-09-26
20,First20,Last20,customer20@example.com,NY,retail,2022-07-16
21,First21,Last21,customer21@example.com,WA,wholesale,2023-11-09
22,First22,Last22,customer22@example.com,WA,retail,2022-03-23
23,First23,Last23,customer23@example.com,IL,wholesale,2023-01-25
24,First24,Last24,customer24@example.com,MA,retail,2023-10-13
25,First25,Last25,customer25@example.com,MA,retail,2023-01-15
26,First26,Last26,customer26@example.com,IL,vip,2023-11-18
27,First27,Last27,customer27@example.com,NY,vip,2023-12-01
28,First28,Last28,customer28@example.com,TX,vip,2023-10-13
29,First29,Last29,customer29@example.com,WA,retail,2024-01-17
30,First30,Last30,customer30@example.com,CO,wholesale,2023-04-19
31,First31,Last31,customer31@example.com,WA,vip,2023-10-18
32,First32,Last32,customer32@example.com,CA,retail,2022-11-29
33,First33,Last33,customer33@example.com,CA,wholesale,2024-04-21
34,First34,Last34,customer34@example.com,IL,retail,2023-02-15
35,First35,Last35,customer35@example.com,MA,retail,2022-08-05
36,First36,Last36,customer36@example.com,GA,wholesale,2023-11-03
37,First37,Last37,customer37@example.com,GA,retail,2023-10-21
38,First38,Last38,customer38@example.com,TX,retail,2022-09-29
39,First39,Last39,customer39@example.com,IL,vip,2024-02-02
40,First40,Last40,customer40@example.com,CO,vip,2023-08-22
